location_id,location_name,locality,latitude,longitude,sensor_id,date,pm25_value,pm25_avg,pm25_min,pm25_max,pm25_median,unit,percent_coverage
17,"R K Puram, Delhi - DPCC",,28.563262,77.186937,12234787,1/1/2026,230.0,229.8715278,192.75,300.0,224.125,microgram/m3,100
17,"R K Puram, Delhi - DPCC",,28.563262,77.186937,12234787,1/2/2026,99.4,99.4057971,63.75,154.25,93.75,microgram/m3,96
17,"R K Puram, Delhi - DPCC",,28.563262,77.186937,12234787,1/3/2026,151.0,151.0144928,97.0,222.75,159.0,microgram/m3,96
17,"R K Puram, Delhi - DPCC",,28.563262,77.186937,12234787,1/4/2026,148.0,148.0798611,119.25,172.5,146.125,microgram/m3,100
17,"R K Puram, Delhi - DPCC",,28.563262,77.186937,12234787,1/5/2026,135.0,134.8506944,86.5,221.75,124.25,microgram/m3,100
17,"R K Puram, Delhi - DPCC",,28.563262,77.186937,12234787,1/6/2026,189.0,189.21875,154.25,233.25,183.0,microgram/m3,100
17,"R K Puram, Delhi - DPCC",,28.563262,77.186937,12234787,1/7/2026,169.0,168.9375,107.0,324.25,144.5,microgram/m3,100
17,"R K Puram, Delhi - DPCC",,28.563262,77.186937,12234787,1/8/2026,211.0,210.7986111,99.5,548.25,171.125,microgram/m3,100
17,"R K Puram, Delhi - DPCC",,28.563262,77.186937,12234787,1/9/2026,258.0,258.0625,161.0,376.5,252.625,microgram/m3,100
17,"R K Puram, Delhi - DPCC",,28.563262,77.186937,12234787,1/10/2026,188.0,187.6029412,85.0,311.0,191.75,microgram/m3,71
17,"R K Puram, Delhi - DPCC",,28.563262,77.186937,12234787,1/20/2026,431.0,430.8125,395.0,461.0,433.625,microgram/m3,17
17,"R K Puram, Delhi - DPCC",,28.563262,77.186937,12234787,1/21/2026,214.0,214.3159722,81.0,383.0,233.625,microgram/m3,100
17,"R K Puram, Delhi - DPCC",,28.563262,77.186937,12234787,1/22/2026,202.0,202.4384058,91.0,357.5,203.25,microgram/m3,96
17,"R K Puram, Delhi - DPCC",,28.563262,77.186937,12234787,1/23/2026,143.0,142.625,102.25,174.75,150.75,microgram/m3,100
17,"R K Puram, Delhi - DPCC",,28.563262,77.186937,12234787,1/24/2026,77.1,77.125,27.0,156.25,64.25,microgram/m3,100
17,"R K Puram, Delhi - DPCC",,28.563262,77.186937,12234787,1/25/2026,91.0,90.95833333,47.0,207.75,70.75,microgram/m3,100
17,"R K Puram, Delhi - DPCC",,28.563262,77.186937,12234787,1/26/2026,148.0,147.7465278,68.75,445.0,106.5,microgram/m3,100
17,"R K Puram, Delhi - DPCC",,28.563262,77.186937,12234787,1/27/2026,184.0,184.0416667,113.0,352.0,181.75,microgram/m3,100
17,"R K Puram, Delhi - DPCC",,28.563262,77.186937,12234787,1/28/2026,140.0,140.2395833,72.25,244.0,141.125,microgram/m3,100
17,"R K Puram, Delhi - DPCC",,28.563262,77.186937,12234787,1/29/2026,136.0,136.2847222,84.0,257.75,119.0,microgram/m3,100
17,"R K Puram, Delhi - DPCC",,28.563262,77.186937,12234787,1/30/2026,178.0,178.1856061,73.66666667,417.25,146.625,microgram/m3,92
17,"R K Puram, Delhi - DPCC",,28.563262,77.186937,12234787,1/31/2026,221.0,220.9565217,141.25,338.0,215.25,microgram/m3,96
17,"R K Puram, Delhi - DPCC",,28.563262,77.186937,12234787,2/1/2026,111.0,111.4618056,40.0,200.0,120.5,microgram/m3,100
17,"R K Puram, Delhi - DPCC",,28.563262,77.186937,12234787,2/2/2026,141.0,140.6884058,91.0,192.0,147.5,microgram/m3,96
17,"R K Puram, Delhi - DPCC",,28.563262,77.186937,12234787,2/3/2026,123.0,122.55,88.0,165.0,117.75,microgram/m3,63
17,"R K Puram, Delhi - DPCC",,28.563262,77.186937,12234787,2/4/2026,178.0,177.6428571,75.5,326.0,146.6666667,microgram/m3,58
17,"R K Puram, Delhi - DPCC",,28.563262,77.186937,12234787,2/5/2026,127.0,127.3522727,68.0,242.25,122.0,microgram/m3,92
17,"R K Puram, Delhi - DPCC",,28.563262,77.186937,12234787,2/6/2026,115.0,115.3506944,71.0,180.5,116.875,microgram/m3,100
17,"R K Puram, Delhi - DPCC",,28.563262,77.186937,12234787,2/7/2026,109.0,108.9791667,67.5,183.25,96.04166667,microgram/m3,100
17,"R K Puram, Delhi - DPCC",,28.563262,77.186937,12234787,2/8/2026,219.0,218.8125,101.0,289.0,242.625,microgram/m3,17
17,"R K Puram, Delhi - DPCC",,28.563262,77.186937,12234787,2/9/2026,167.0,166.9275362,54.33333333,352.6666667,155.5,microgram/m3,96
17,"R K Puram, Delhi - DPCC",,28.563262,77.186937,12234787,2/10/2026,146.0,145.625,58.75,263.0,151.5,microgram/m3,100
17,"R K Puram, Delhi - DPCC",,28.563262,77.186937,12234787,2/11/2026,152.0,152.3020833,66.5,271.25,141.0,microgram/m3,100
17,"R K Puram, Delhi - DPCC",,28.563262,77.186937,12234787,2/12/2026,79.4,79.40942029,43.5,134.0,79.5,microgram/m3,96
17,"R K Puram, Delhi - DPCC",,28.563262,77.186937,12234787,2/13/2026,104.0,104.2777778,35.25,215.0,102.875,microgram/m3,100
17,"R K Puram, Delhi - DPCC",,28.563262,77.186937,12234787,2/14/2026,136.0,135.8541667,62.25,250.75,133.125,microgram/m3,100
17,"R K Puram, Delhi - DPCC",,28.563262,77.186937,12234787,2/15/2026,124.0,123.7013889,56.75,283.5,100.875,microgram/m3,100
17,"R K Puram, Delhi - DPCC",,28.563262,77.186937,12234787,2/16/2026,152.0,152.4916667,99.5,247.0,145.125,microgram/m3,42
17,"R K Puram, Delhi - DPCC",,28.563262,77.186937,12234787,2/17/2026,85.1,85.125,38.0,223.0,46.5,microgram/m3,42
17,"R K Puram, Delhi - DPCC",,28.563262,77.186937,12234787,2/18/2026,80.3,80.32222222,29.25,177.0,60.0,microgram/m3,63
17,"R K Puram, Delhi - DPCC",,28.563262,77.186937,12234787,2/19/2026,110.0,109.825,51.5,145.0,110.375,microgram/m3,42
17,"R K Puram, Delhi - DPCC",,28.563262,77.186937,12234787,2/20/2026,105.0,105.3115942,65.0,164.75,99.75,microgram/m3,96
17,"R K Puram, Delhi - DPCC",,28.563262,77.186937,12234787,2/21/2026,120.0,120.1840278,70.0,218.0,116.875,microgram/m3,100
17,"R K Puram, Delhi - DPCC",,28.563262,77.186937,12234787,2/22/2026,129.0,128.5724638,42.25,212.75,158.75,microgram/m3,96
17,"R K Puram, Delhi - DPCC",,28.563262,77.186937,12234787,2/23/2026,113.0,113.2318841,50.5,206.0,103.5,microgram/m3,96
17,"R K Puram, Delhi - DPCC",,28.563262,77.186937,12234787,2/24/2026,126.0,126.1195652,59.0,217.25,125.5,microgram/m3,96
17,"R K Puram, Delhi - DPCC",,28.563262,77.186937,12234787,2/25/2026,104.0,103.8854167,30.0,178.75,122.375,microgram/m3,100
17,"R K Puram, Delhi - DPCC",,28.563262,77.186937,12234787,2/26/2026,107.0,106.6909722,36.0,197.25,117.7916667,microgram/m3,100
17,"R K Puram, Delhi - DPCC",,28.563262,77.186937,12234787,2/27/2026,97.1,97.08333333,27.75,184.5,98.375,microgram/m3,100
17,"R K Puram, Delhi - DPCC",,28.563262,77.186937,12234787,2/28/2026,110.0,110.1423611,39.5,183.0,131.625,microgram/m3,100
17,"R K Puram, Delhi - DPCC",,28.563262,77.186937,12234787,3/1/2026,86.5,86.49637681,43.75,125.25,93.25,microgram/m3,96
17,"R K Puram, Delhi - DPCC",,28.563262,77.186937,12234787,3/2/2026,99.7,99.72916667,68.5,190.0,98.45833333,microgram/m3,83
17,"R K Puram, Delhi - DPCC",,28.563262,77.186937,12234787,3/3/2026,94.6,94.55208333,39.0,143.5,106.875,microgram/m3,100
17,"R K Puram, Delhi - DPCC",,28.563262,77.186937,12234787,3/4/2026,75.5,75.49652778,31.0,127.0,74.66666667,microgram/m3,100
17,"R K Puram, Delhi - DPCC",,28.563262,77.186937,12234787,3/5/2026,68.9,68.93478261,45.0,92.5,70.25,microgram/m3,96
17,"R K Puram, Delhi - DPCC",,28.563262,77.186937,12234787,3/6/2026,90.6,90.56944444,47.0,187.6666667,74.375,microgram/m3,100
17,"R K Puram, Delhi - DPCC",,28.563262,77.186937,12234787,3/7/2026,153.0,152.8377193,66.5,239.0,134.75,microgram/m3,79
17,"R K Puram, Delhi - DPCC",,28.563262,77.186937,12234787,3/8/2026,121.0,121.3090278,39.5,244.0,123.5,microgram/m3,100
17,"R K Puram, Delhi - DPCC",,28.563262,77.186937,12234787,3/9/2026,117.0,117.3819444,50.33333333,179.0,127.375,microgram/m3,100
17,"R K Puram, Delhi - DPCC",,28.563262,77.186937,12234787,3/10/2026,114.0,114.1969697,61.25,228.5,80.33333333,microgram/m3,46
17,"R K Puram, Delhi - DPCC",,28.563262,77.186937,12234787,3/11/2026,117.0,116.8229167,38.33333333,218.5,122.875,microgram/m3,100
17,"R K Puram, Delhi - DPCC",,28.563262,77.186937,12234787,3/12/2026,103.0,102.5398551,22.5,215.0,100.25,microgram/m3,96
17,"R K Puram, Delhi - DPCC",,28.563262,77.186937,12234787,3/13/2026,91.5,91.48484848,27.33333333,181.75,81.25,microgram/m3,92
17,"R K Puram, Delhi - DPCC",,28.563262,77.186937,12234787,3/14/2026,82.2,82.20833333,28.75,180.0,61.375,microgram/m3,100
17,"R K Puram, Delhi - DPCC",,28.563262,77.186937,12234787,3/15/2026,58.9,58.85763889,20.0,181.5,32.0,microgram/m3,100
17,"R K Puram, Delhi - DPCC",,28.563262,77.186937,12234787,3/16/2026,43.1,43.05555556,18.75,111.25,35.625,microgram/m3,100
17,"R K Puram, Delhi - DPCC",,28.563262,77.186937,12234787,3/17/2026,80.5,80.47569444,40.5,150.75,78.0,microgram/m3,100
17,"R K Puram, Delhi - DPCC",,28.563262,77.186937,12234787,3/18/2026,95.4,95.4375,45.0,138.0,98.75,microgram/m3,100
17,"R K Puram, Delhi - DPCC",,28.563262,77.186937,12234787,3/19/2026,59.4,59.39930556,35.75,122.5,54.625,microgram/m3,100
17,"R K Puram, Delhi - DPCC",,28.563262,77.186937,12234787,3/20/2026,52.5,52.46527778,30.75,129.5,43.875,microgram/m3,100
17,"R K Puram, Delhi - DPCC",,28.563262,77.186937,12234787,3/21/2026,68.9,68.91319444,30.75,134.0,64.08333333,microgram/m3,100
17,"R K Puram, Delhi - DPCC",,28.563262,77.186937,12234787,3/22/2026,86.1,86.11805556,19.5,181.0,84.0,microgram/m3,100
17,"R K Puram, Delhi - DPCC",,28.563262,77.186937,12234787,3/23/2026,70.1,70.05434783,31.25,175.25,46.0,microgram/m3,96
17,"R K Puram, Delhi - DPCC",,28.563262,77.186937,12234787,3/24/2026,84.9,84.94927536,27.75,182.0,101.75,microgram/m3,96
17,"R K Puram, Delhi - DPCC",,28.563262,77.186937,12234787,3/25/2026,99.9,99.94565217,25.75,201.0,101.75,microgram/m3,96
17,"R K Puram, Delhi - DPCC",,28.563262,77.186937,12234787,3/26/2026,87.7,87.70075758,29.5,225.0,79.125,microgram/m3,92
17,"R K Puram, Delhi - DPCC",,28.563262,77.186937,12234787,3/27/2026,54.7,54.71078431,20.0,102.0,57.0,microgram/m3,71
17,"R K Puram, Delhi - DPCC",,28.563262,77.186937,12234787,3/28/2026,54.5,54.53846154,16.25,154.75,28.0,microgram/m3,54
17,"R K Puram, Delhi - DPCC",,28.563262,77.186937,12234787,3/29/2026,85.4,85.39583333,23.5,196.5,66.875,microgram/m3,100
17,"R K Puram, Delhi - DPCC",,28.563262,77.186937,12234787,3/30/2026,60.3,60.34782609,28.0,118.0,61.0,microgram/m3,96
17,"R K Puram, Delhi - DPCC",,28.563262,77.186937,12234787,3/31/2026,48.8,48.77430556,7.0,146.6666667,41.25,microgram/m3,100
17,"R K Puram, Delhi - DPCC",,28.563262,77.186937,12234787,4/1/2026,44.6,44.61594203,18.0,108.0,34.25,microgram/m3,96
17,"R K Puram, Delhi - DPCC",,28.563262,77.186937,12234787,4/2/2026,89.5,89.5,38.5,143.75,97.75,microgram/m3,100
17,"R K Puram, Delhi - DPCC",,28.563262,77.186937,12234787,4/3/2026,85.0,84.96527778,22.0,231.75,52.45833333,microgram/m3,100
17,"R K Puram, Delhi - DPCC",,28.563262,77.186937,12234787,4/4/2026,61.5,61.54166667,24.0,154.0,39.625,microgram/m3,100
17,"R K Puram, Delhi - DPCC",,28.563262,77.186937,12234787,4/5/2026,50.3,50.30208333,17.0,134.0,48.375,microgram/m3,100
17,"R K Puram, Delhi - DPCC",,28.563262,77.186937,12234787,4/6/2026,40.5,40.51811594,8.0,124.5,41.0,microgram/m3,96
17,"R K Puram, Delhi - DPCC",,28.563262,77.186937,12234787,4/7/2026,39.5,39.53571429,25.0,67.25,38.75,microgram/m3,88
17,"R K Puram, Delhi - DPCC",,28.563262,77.186937,12234787,4/8/2026,31.3,31.30902778,12.25,58.0,31.0,microgram/m3,100
17,"R K Puram, Delhi - DPCC",,28.563262,77.186937,12234787,4/9/2026,55.9,55.9125,24.66666667,170.75,41.875,microgram/m3,83
17,"R K Puram, Delhi - DPCC",,28.563262,77.186937,12234787,4/10/2026,57.3,57.28819444,17.5,184.75,39.25,microgram/m3,100
17,"R K Puram, Delhi - DPCC",,28.563262,77.186937,12234787,4/11/2026,49.4,49.41666667,20.5,127.25,37.0,microgram/m3,96
17,"R K Puram, Delhi - DPCC",,28.563262,77.186937,12234787,4/12/2026,62.0,61.95486111,13.5,216.0,51.25,microgram/m3,100
17,"R K Puram, Delhi - DPCC",,28.563262,77.186937,12234787,4/13/2026,59.3,59.25724638,9.0,183.5,56.0,microgram/m3,96
17,"R K Puram, Delhi - DPCC",,28.563262,77.186937,12234787,4/14/2026,70.4,70.43333333,25.33333333,143.0,64.125,microgram/m3,83
17,"R K Puram, Delhi - DPCC",,28.563262,77.186937,12234787,4/15/2026,84.5,84.46875,7.0,218.5,80.375,microgram/m3,100
17,"R K Puram, Delhi - DPCC",,28.563262,77.186937,12234787,4/16/2026,128.0,127.875,23.5,219.75,136.75,microgram/m3,58
17,"R K Puram, Delhi - DPCC",,28.563262,77.186937,12234787,4/17/2026,93.6,93.56746032,9.0,157.5,107.0,microgram/m3,88
17,"R K Puram, Delhi - DPCC",,28.563262,77.186937,12234787,4/18/2026,82.6,82.5625,11.0,211.5,75.625,microgram/m3,83
17,"R K Puram, Delhi - DPCC",,28.563262,77.186937,12234787,4/19/2026,120.0,120.3115942,10.75,269.75,100.0,microgram/m3,96
17,"R K Puram, Delhi - DPCC",,28.563262,77.186937,12234787,4/20/2026,76.6,76.63636364,17.0,193.0,63.79166667,microgram/m3,92
17,"R K Puram, Delhi - DPCC",,28.563262,77.186937,12234787,4/21/2026,71.3,71.29513889,21.0,139.75,71.125,microgram/m3,100
17,"R K Puram, Delhi - DPCC",,28.563262,77.186937,12234787,4/22/2026,98.8,98.80555556,25.75,205.25,104.1666667,microgram/m3,100
17,"R K Puram, Delhi - DPCC",,28.563262,77.186937,12234787,4/23/2026,67.3,67.34722222,22.0,202.25,39.25,microgram/m3,100
17,"R K Puram, Delhi - DPCC",,28.563262,77.186937,12234787,4/24/2026,102.0,102.2427536,42.75,194.25,80.25,microgram/m3,96
17,"R K Puram, Delhi - DPCC",,28.563262,77.186937,12234787,4/25/2026,103.0,102.6666667,45.75,189.75,106.25,microgram/m3,96
17,"R K Puram, Delhi - DPCC",,28.563262,77.186937,12234787,4/26/2026,93.3,93.26086957,39.5,161.25,96.25,microgram/m3,96
17,"R K Puram, Delhi - DPCC",,28.563262,77.186937,12234787,4/27/2026,102.0,101.71875,38.0,229.0,80.5,microgram/m3,100
17,"R K Puram, Delhi - DPCC",,28.563262,77.186937,12234787,4/28/2026,64.8,64.75,15.5,119.0,62.375,microgram/m3,100
17,"R K Puram, Delhi - DPCC",,28.563262,77.186937,12234787,4/29/2026,47.4,47.37318841,18.5,104.0,38.75,microgram/m3,96
17,"R K Puram, Delhi - DPCC",,28.563262,77.186937,12234787,4/30/2026,53.7,53.67013889,14.0,114.0,48.91666667,microgram/m3,100
17,"R K Puram, Delhi - DPCC",,28.563262,77.186937,12234787,5/1/2026,40.5,40.54166667,22.5,59.0,39.5,microgram/m3,100
17,"R K Puram, Delhi - DPCC",,28.563262,77.186937,12234787,5/2/2026,61.2,61.19444444,44.0,80.0,59.5,microgram/m3,75
17,"R K Puram, Delhi - DPCC",,28.563262,77.186937,12234787,5/3/2026,44.2,44.20486111,32.0,61.0,41.75,microgram/m3,100
17,"R K Puram, Delhi - DPCC",,28.563262,77.186937,12234787,5/4/2026,12.7,12.74509804,7.0,23.0,10.25,microgram/m3,71
17,"R K Puram, Delhi - DPCC",,28.563262,77.186937,12234787,5/5/2026,32.3,32.28703704,10.5,60.5,30.75,microgram/m3,75
17,"R K Puram, Delhi - DPCC",,28.563262,77.186937,12234787,5/6/2026,48.3,48.27083333,32.0,71.66666667,45.375,microgram/m3,33
17,"R K Puram, Delhi - DPCC",,28.563262,77.186937,12234787,5/7/2026,32.0,32.00490196,20.75,53.0,30.5,microgram/m3,71
17,"R K Puram, Delhi - DPCC",,28.563262,77.186937,12234787,5/8/2026,38.5,38.49305556,20.0,62.75,38.33333333,microgram/m3,100
17,"R K Puram, Delhi - DPCC",,28.563262,77.186937,12234787,5/9/2026,50.2,50.1875,33.75,73.75,50.875,microgram/m3,100
17,"R K Puram, Delhi - DPCC",,28.563262,77.186937,12234787,5/10/2026,55.5,55.53472222,38.75,72.0,58.5,microgram/m3,100
17,"R K Puram, Delhi - DPCC",,28.563262,77.186937,12234787,5/11/2026,64.1,64.13194444,50.75,101.3333333,59.25,microgram/m3,100
17,"R K Puram, Delhi - DPCC",,28.563262,77.186937,12234787,5/12/2026,67.0,66.97222222,30.75,95.0,71.5,microgram/m3,88
17,"R K Puram, Delhi - DPCC",,28.563262,77.186937,12234787,5/13/2026,65.6,65.58333333,34.75,100.0,66.5,microgram/m3,96
17,"R K Puram, Delhi - DPCC",,28.563262,77.186937,12234787,5/14/2026,43.6,43.64130435,27.5,67.0,44.5,microgram/m3,96
17,"R K Puram, Delhi - DPCC",,28.563262,77.186937,12234787,5/15/2026,47.9,47.90625,21.25,124.0,40.75,microgram/m3,100
17,"R K Puram, Delhi - DPCC",,28.563262,77.186937,12234787,5/16/2026,71.8,71.76449275,24.75,145.75,77.33333333,microgram/m3,96
17,"R K Puram, Delhi - DPCC",,28.563262,77.186937,12234787,5/17/2026,73.2,73.23611111,33.0,148.25,66.625,microgram/m3,100
17,"R K Puram, Delhi - DPCC",,28.563262,77.186937,12234787,5/18/2026,56.9,56.94791667,30.25,102.5,57.75,microgram/m3,100
17,"R K Puram, Delhi - DPCC",,28.563262,77.186937,12234787,5/19/2026,52.0,52.03846154,23.5,81.75,55.5,microgram/m3,54
17,"R K Puram, Delhi - DPCC",,28.563262,77.186937,12234787,5/20/2026,41.4,41.42083333,19.0,75.0,32.5,microgram/m3,83
17,"R K Puram, Delhi - DPCC",,28.563262,77.186937,12234787,5/21/2026,60.1,60.1,41.25,76.5,63.75,microgram/m3,63
17,"R K Puram, Delhi - DPCC",,28.563262,77.186937,12234787,5/22/2026,49.6,49.56521739,29.0,72.75,49.0,microgram/m3,96
17,"R K Puram, Delhi - DPCC",,28.563262,77.186937,12234787,5/23/2026,63.0,63.01811594,35.25,106.75,59.0,microgram/m3,96
17,"R K Puram, Delhi - DPCC",,28.563262,77.186937,12234787,5/24/2026,68.8,68.75724638,44.5,93.5,71.0,microgram/m3,96
17,"R K Puram, Delhi - DPCC",,28.563262,77.186937,12234787,5/25/2026,76.1,76.0625,44.75,136.75,73.625,microgram/m3,100
17,"R K Puram, Delhi - DPCC",,28.563262,77.186937,12234787,5/26/2026,77.9,77.87152778,19.25,140.0,98.125,microgram/m3,100
17,"R K Puram, Delhi - DPCC",,28.563262,77.186937,12234787,5/27/2026,93.0,92.95,33.0,174.75,88.875,microgram/m3,83
17,"R K Puram, Delhi - DPCC",,28.563262,77.186937,12234787,5/28/2026,72.6,72.56884058,22.0,104.0,78.0,microgram/m3,96
17,"R K Puram, Delhi - DPCC",,28.563262,77.186937,12234787,5/29/2026,24.0,24.01449275,10.0,39.0,23.25,microgram/m3,96
17,"R K Puram, Delhi - DPCC",,28.563262,77.186937,12234787,5/30/2026,23.2,23.18055556,6.0,49.25,21.625,microgram/m3,100
17,"R K Puram, Delhi - DPCC",,28.563262,77.186937,12234787,5/31/2026,26.0,25.99637681,12.75,33.75,27.25,microgram/m3,96
17,"R K Puram, Delhi - DPCC",,28.563262,77.186937,12234787,6/1/2026,37.4,37.38888889,23.25,67.0,32.875,microgram/m3,100
17,"R K Puram, Delhi - DPCC",,28.563262,77.186937,12234787,6/2/2026,40.5,40.46527778,29.25,64.0,37.5,microgram/m3,100
17,"R K Puram, Delhi - DPCC",,28.563262,77.186937,12234787,6/3/2026,68.0,67.97463768,41.25,97.75,68.0,microgram/m3,96
17,"R K Puram, Delhi - DPCC",,28.563262,77.186937,12234787,6/4/2026,48.0,48.03819444,12.33333333,86.0,53.25,microgram/m3,100
17,"R K Puram, Delhi - DPCC",,28.563262,77.186937,12234787,6/5/2026,52.3,52.27536232,16.5,125.0,44.75,microgram/m3,96
17,"R K Puram, Delhi - DPCC",,28.563262,77.186937,12234787,6/6/2026,57.4,57.36231884,12.0,107.5,42.0,microgram/m3,96
17,"R K Puram, Delhi - DPCC",,28.563262,77.186937,12234787,6/7/2026,32.4,32.37681159,18.25,63.75,30.0,microgram/m3,96
17,"R K Puram, Delhi - DPCC",,28.563262,77.186937,12234787,6/8/2026,37.2,37.15942029,22.0,74.0,33.75,microgram/m3,96
17,"R K Puram, Delhi - DPCC",,28.563262,77.186937,12234787,6/9/2026,37.5,37.47463768,11.5,58.0,37.25,microgram/m3,96
17,"R K Puram, Delhi - DPCC",,28.563262,77.186937,12234787,6/10/2026,42.5,42.52916667,16.5,78.25,40.25,microgram/m3,83
17,"R K Puram, Delhi - DPCC",,28.563262,77.186937,12234787,6/11/2026,36.7,36.68115942,24.0,54.0,36.0,microgram/m3,96
17,"R K Puram, Delhi - DPCC",,28.563262,77.186937,12234787,6/12/2026,26.3,26.29861111,8.0,69.0,20.5,microgram/m3,100
17,"R K Puram, Delhi - DPCC",,28.563262,77.186937,12234787,6/13/2026,43.1,43.07291667,6.25,116.0,40.20833333,microgram/m3,100
17,"R K Puram, Delhi - DPCC",,28.563262,77.186937,12234787,6/14/2026,93.4,93.36538462,44.0,138.0,105.0,microgram/m3,54
17,"R K Puram, Delhi - DPCC",,28.563262,77.186937,12234787,6/15/2026,32.3,32.32894737,6.5,66.5,26.5,microgram/m3,79
17,"R K Puram, Delhi - DPCC",,28.563262,77.186937,12234787,6/16/2026,36.9,36.8531746,14.66666667,96.25,29.25,microgram/m3,88
17,"R K Puram, Delhi - DPCC",,28.563262,77.186937,12234787,6/17/2026,32.3,32.27083333,14.5,77.0,27.625,microgram/m3,100
17,"R K Puram, Delhi - DPCC",,28.563262,77.186937,12234787,6/18/2026,54.0,54.02173913,18.0,129.0,44.33333333,microgram/m3,96
17,"R K Puram, Delhi - DPCC",,28.563262,77.186937,12234787,6/19/2026,31.6,31.61363636,12.0,54.0,31.125,microgram/m3,92
17,"R K Puram, Delhi - DPCC",,28.563262,77.186937,12234787,6/20/2026,49.4,49.43478261,25.25,81.25,52.5,microgram/m3,96
17,"R K Puram, Delhi - DPCC",,28.563262,77.186937,12234787,6/21/2026,30.2,30.21875,18.25,83.0,25.0,microgram/m3,100
17,"R K Puram, Delhi - DPCC",,28.563262,77.186937,12234787,6/22/2026,28.8,28.77898551,17.0,39.5,29.25,microgram/m3,96
17,"R K Puram, Delhi - DPCC",,28.563262,77.186937,12234787,6/23/2026,74.8,74.84848485,14.0,141.0,74.5,microgram/m3,46
17,"R K Puram, Delhi - DPCC",,28.563262,77.186937,12234787,6/25/2026,57.3,57.33333333,44.0,67.0,61.0,microgram/m3,13
17,"R K Puram, Delhi - DPCC",,28.563262,77.186937,12234787,6/26/2026,30.2,30.16666667,18.0,44.0,28.5,microgram/m3,100
17,"R K Puram, Delhi - DPCC",,28.563262,77.186937,12234787,6/27/2026,46.8,46.79166667,25.0,84.0,45.5,microgram/m3,100
17,"R K Puram, Delhi - DPCC",,28.563262,77.186937,12234787,6/28/2026,57.8,57.75,28.0,119.0,48.5,microgram/m3,100
17,"R K Puram, Delhi - DPCC",,28.563262,77.186937,12234787,6/29/2026,41.8,41.79166667,31.0,61.0,38.5,microgram/m3,100
17,"R K Puram, Delhi - DPCC",,28.563262,77.186937,12234787,6/30/2026,49.3,49.33333333,25.0,89.0,47.5,microgram/m3,100
17,"R K Puram, Delhi - DPCC",,28.563262,77.186937,12234787,7/1/2026,41.2,41.17391304,19.0,77.0,42.0,microgram/m3,96
50,"Punjabi Bagh, Delhi - DPCC",,28.674045,77.131023,12234796,1/1/2026,227.0,227.1736111,182.25,294.5,228.625,microgram/m3,100
50,"Punjabi Bagh, Delhi - DPCC",,28.674045,77.131023,12234796,1/2/2026,94.5,94.4673913,64.0,167.5,85.0,microgram/m3,96
50,"Punjabi Bagh, Delhi - DPCC",,28.674045,77.131023,12234796,1/3/2026,151.0,150.8913043,90.25,203.5,160.5,microgram/m3,96
50,"Punjabi Bagh, Delhi - DPCC",,28.674045,77.131023,12234796,1/4/2026,152.0,152.375,88.0,222.75,145.375,microgram/m3,100
50,"Punjabi Bagh, Delhi - DPCC",,28.674045,77.131023,12234796,1/5/2026,128.0,128.4756944,82.0,235.0,108.7083333,microgram/m3,100
50,"Punjabi Bagh, Delhi - DPCC",,28.674045,77.131023,12234796,1/6/2026,167.0,167.0659722,141.0,211.75,161.375,microgram/m3,100
50,"Punjabi Bagh, Delhi - DPCC",,28.674045,77.131023,12234796,1/7/2026,136.0,136.1215278,96.0,227.5,127.2916667,microgram/m3,100
50,"Punjabi Bagh, Delhi - DPCC",,28.674045,77.131023,12234796,1/8/2026,145.0,144.8923611,95.75,251.0,131.125,microgram/m3,100
50,"Punjabi Bagh, Delhi - DPCC",,28.674045,77.131023,12234796,1/9/2026,208.0,208.1388889,139.0,270.75,208.5,microgram/m3,100
50,"Punjabi Bagh, Delhi - DPCC",,28.674045,77.131023,12234796,1/10/2026,165.0,165.375,54.75,215.0,192.125,microgram/m3,58
50,"Punjabi Bagh, Delhi - DPCC",,28.674045,77.131023,12234796,1/20/2026,283.0,283.0625,209.5,332.25,295.25,microgram/m3,17
50,"Punjabi Bagh, Delhi - DPCC",,28.674045,77.131023,12234796,1/21/2026,197.0,197.1145833,70.0,307.5,226.875,microgram/m3,100
50,"Punjabi Bagh, Delhi - DPCC",,28.674045,77.131023,12234796,1/22/2026,221.0,221.4275362,113.75,324.75,208.5,microgram/m3,96
50,"Punjabi Bagh, Delhi - DPCC",,28.674045,77.131023,12234796,1/23/2026,146.0,146.25,101.75,208.75,144.0,microgram/m3,100
50,"Punjabi Bagh, Delhi - DPCC",,28.674045,77.131023,12234796,1/24/2026,74.8,74.84375,34.0,185.0,64.125,microgram/m3,100
50,"Punjabi Bagh, Delhi - DPCC",,28.674045,77.131023,12234796,1/25/2026,93.6,93.60763889,26.5,218.0,80.625,microgram/m3,100
50,"Punjabi Bagh, Delhi - DPCC",,28.674045,77.131023,12234796,1/26/2026,143.0,142.7395833,76.5,322.0,127.375,microgram/m3,100
50,"Punjabi Bagh, Delhi - DPCC",,28.674045,77.131023,12234796,1/27/2026,209.0,209.1354167,107.0,404.0,166.0,microgram/m3,100
50,"Punjabi Bagh, Delhi - DPCC",,28.674045,77.131023,12234796,1/28/2026,139.0,139.0625,82.0,191.0,145.125,microgram/m3,100
50,"Punjabi Bagh, Delhi - DPCC",,28.674045,77.131023,12234796,1/29/2026,119.0,118.9027778,76.75,212.5,97.875,microgram/m3,100
50,"Punjabi Bagh, Delhi - DPCC",,28.674045,77.131023,12234796,1/30/2026,148.0,147.9734848,61.75,333.0,140.625,microgram/m3,92
50,"Punjabi Bagh, Delhi - DPCC",,28.674045,77.131023,12234796,1/31/2026,250.0,249.8514493,157.0,389.25,229.75,microgram/m3,96
50,"Punjabi Bagh, Delhi - DPCC",,28.674045,77.131023,12234796,2/1/2026,114.0,113.9375,26.0,197.5,128.0,microgram/m3,100
50,"Punjabi Bagh, Delhi - DPCC",,28.674045,77.131023,12234796,2/2/2026,130.0,129.5543478,74.0,222.5,120.0,microgram/m3,96
50,"Punjabi Bagh, Delhi - DPCC",,28.674045,77.131023,12234796,2/3/2026,152.0,151.7666667,92.5,233.5,139.0,microgram/m3,63
50,"Punjabi Bagh, Delhi - DPCC",,28.674045,77.131023,12234796,2/4/2026,152.0,152.4166667,64.25,271.5,162.3333333,microgram/m3,58
50,"Punjabi Bagh, Delhi - DPCC",,28.674045,77.131023,12234796,2/5/2026,126.0,125.6485507,29.75,177.5,146.5,microgram/m3,96
50,"Punjabi Bagh, Delhi - DPCC",,28.674045,77.131023,12234796,2/6/2026,111.0,110.65625,50.5,150.0,122.125,microgram/m3,100
50,"Punjabi Bagh, Delhi - DPCC",,28.674045,77.131023,12234796,2/7/2026,102.0,102.0729167,55.0,142.0,105.0,microgram/m3,100
50,"Punjabi Bagh, Delhi - DPCC",,28.674045,77.131023,12234796,2/8/2026,147.0,146.5625,69.5,202.0,157.375,microgram/m3,17
50,"Punjabi Bagh, Delhi - DPCC",,28.674045,77.131023,12234796,2/9/2026,132.0,131.8369565,70.0,195.75,132.75,microgram/m3,96
50,"Punjabi Bagh, Delhi - DPCC",,28.674045,77.131023,12234796,2/10/2026,137.0,136.65625,33.25,266.0,151.625,microgram/m3,100
50,"Punjabi Bagh, Delhi - DPCC",,28.674045,77.131023,12234796,2/11/2026,164.0,163.6145833,35.5,310.75,139.0,microgram/m3,100
50,"Punjabi Bagh, Delhi - DPCC",,28.674045,77.131023,12234796,2/12/2026,74.6,74.64130435,11.0,124.0,76.25,microgram/m3,96
50,"Punjabi Bagh, Delhi - DPCC",,28.674045,77.131023,12234796,2/13/2026,107.0,106.9548611,28.25,185.0,125.875,microgram/m3,100
50,"Punjabi Bagh, Delhi - DPCC",,28.674045,77.131023,12234796,2/14/2026,123.0,123.0416667,42.0,206.5,135.75,microgram/m3,100
50,"Punjabi Bagh, Delhi - DPCC",,28.674045,77.131023,12234796,2/15/2026,119.0,118.796875,66.0,184.0,110.375,microgram/m3,67
50,"Punjabi Bagh, Delhi - DPCC",,28.674045,77.131023,12234796,2/16/2026,186.0,186.375,154.0,217.5,189.375,microgram/m3,42
50,"Punjabi Bagh, Delhi - DPCC",,28.674045,77.131023,12234796,2/17/2026,61.9,61.85,39.25,99.0,54.25,microgram/m3,42
50,"Punjabi Bagh, Delhi - DPCC",,28.674045,77.131023,12234796,2/18/2026,69.7,69.66666667,10.0,174.5,62.5,microgram/m3,63
50,"Punjabi Bagh, Delhi - DPCC",,28.674045,77.131023,12234796,2/19/2026,87.4,87.375,58.25,110.0,93.5,microgram/m3,42
50,"Punjabi Bagh, Delhi - DPCC",,28.674045,77.131023,12234796,2/20/2026,95.1,95.11231884,31.75,154.6666667,98.33333333,microgram/m3,96
50,"Punjabi Bagh, Delhi - DPCC",,28.674045,77.131023,12234796,2/21/2026,118.0,117.5520833,60.0,150.0,128.375,microgram/m3,100
50,"Punjabi Bagh, Delhi - DPCC",,28.674045,77.131023,12234796,2/22/2026,116.0,115.7826087,20.25,184.25,134.0,microgram/m3,96
50,"Punjabi Bagh, Delhi - DPCC",,28.674045,77.131023,12234796,2/23/2026,106.0,106.4927536,22.75,177.0,126.0,microgram/m3,96
50,"Punjabi Bagh, Delhi - DPCC",,28.674045,77.131023,12234796,2/24/2026,125.0,125.0326087,47.5,237.25,124.75,microgram/m3,96
50,"Punjabi Bagh, Delhi - DPCC",,28.674045,77.131023,12234796,2/25/2026,107.0,107.4791667,29.0,182.75,120.375,microgram/m3,100
50,"Punjabi Bagh, Delhi - DPCC",,28.674045,77.131023,12234796,2/26/2026,89.6,89.60869565,35.75,127.0,102.75,microgram/m3,96
50,"Punjabi Bagh, Delhi - DPCC",,28.674045,77.131023,12234796,2/27/2026,96.3,96.3125,45.5,162.75,91.75,microgram/m3,100
50,"Punjabi Bagh, Delhi - DPCC",,28.674045,77.131023,12234796,2/28/2026,120.0,120.4756944,59.66666667,256.0,108.75,microgram/m3,100
50,"Punjabi Bagh, Delhi - DPCC",,28.674045,77.131023,12234796,3/1/2026,97.8,97.75362319,58.33333333,135.0,107.5,microgram/m3,96
50,"Punjabi Bagh, Delhi - DPCC",,28.674045,77.131023,12234796,3/2/2026,119.0,119.1008772,61.0,161.0,121.25,microgram/m3,79
50,"Punjabi Bagh, Delhi - DPCC",,28.674045,77.131023,12234796,3/3/2026,109.0,109.1979167,70.0,190.75,93.04166667,microgram/m3,100
50,"Punjabi Bagh, Delhi - DPCC",,28.674045,77.131023,12234796,3/4/2026,94.7,94.68402778,54.25,133.5,98.375,microgram/m3,100
50,"Punjabi Bagh, Delhi - DPCC",,28.674045,77.131023,12234796,3/5/2026,78.0,78.02898551,55.0,113.25,75.5,microgram/m3,96
50,"Punjabi Bagh, Delhi - DPCC",,28.674045,77.131023,12234796,3/6/2026,106.0,106.4965278,48.33333333,204.0,107.375,microgram/m3,100
50,"Punjabi Bagh, Delhi - DPCC",,28.674045,77.131023,12234796,3/7/2026,158.0,158.2587719,45.75,200.5,171.0,microgram/m3,79
50,"Punjabi Bagh, Delhi - DPCC",,28.674045,77.131023,12234796,3/8/2026,119.0,119.0555556,37.0,183.0,125.25,microgram/m3,100
50,"Punjabi Bagh, Delhi - DPCC",,28.674045,77.131023,12234796,3/9/2026,124.0,123.625,35.25,210.0,129.5,microgram/m3,100
50,"Punjabi Bagh, Delhi - DPCC",,28.674045,77.131023,12234796,3/10/2026,85.8,85.77272727,31.25,185.0,72.0,microgram/m3,46
50,"Punjabi Bagh, Delhi - DPCC",,28.674045,77.131023,12234796,3/11/2026,109.0,109.2395833,42.0,174.0,121.25,microgram/m3,100
50,"Punjabi Bagh, Delhi - DPCC",,28.674045,77.131023,12234796,3/12/2026,85.8,85.77173913,41.25,171.6666667,79.66666667,microgram/m3,96
50,"Punjabi Bagh, Delhi - DPCC",,28.674045,77.131023,12234796,3/13/2026,80.5,80.45833333,8.0,143.0,91.875,microgram/m3,92
50,"Punjabi Bagh, Delhi - DPCC",,28.674045,77.131023,12234796,3/14/2026,78.9,78.89236111,31.66666667,160.5,79.5,microgram/m3,100
50,"Punjabi Bagh, Delhi - DPCC",,28.674045,77.131023,12234796,3/15/2026,64.2,64.23611111,13.0,143.0,40.75,microgram/m3,100
50,"Punjabi Bagh, Delhi - DPCC",,28.674045,77.131023,12234796,3/16/2026,42.7,42.71875,15.0,150.0,35.25,microgram/m3,100
50,"Punjabi Bagh, Delhi - DPCC",,28.674045,77.131023,12234796,3/17/2026,84.8,84.75694444,19.0,198.0,60.0,microgram/m3,100
50,"Punjabi Bagh, Delhi - DPCC",,28.674045,77.131023,12234796,3/18/2026,95.6,95.61458333,26.75,132.0,103.75,microgram/m3,100
50,"Punjabi Bagh, Delhi - DPCC",,28.674045,77.131023,12234796,3/19/2026,66.7,66.67708333,19.5,125.0,64.375,microgram/m3,100
50,"Punjabi Bagh, Delhi - DPCC",,28.674045,77.131023,12234796,3/20/2026,47.7,47.65972222,23.0,140.0,39.625,microgram/m3,100
50,"Punjabi Bagh, Delhi - DPCC",,28.674045,77.131023,12234796,3/21/2026,74.0,73.99621212,3.0,147.0,72.125,microgram/m3,92
50,"Punjabi Bagh, Delhi - DPCC",,28.674045,77.131023,12234796,3/22/2026,65.8,65.78125,14.0,137.5,62.75,microgram/m3,100
50,"Punjabi Bagh, Delhi - DPCC",,28.674045,77.131023,12234796,3/23/2026,68.1,68.0615942,14.5,171.0,64.0,microgram/m3,96
50,"Punjabi Bagh, Delhi - DPCC",,28.674045,77.131023,12234796,3/24/2026,89.0,89.01086957,11.0,187.0,99.5,microgram/m3,96
50,"Punjabi Bagh, Delhi - DPCC",,28.674045,77.131023,12234796,3/25/2026,113.0,112.5113636,24.0,220.25,133.5,microgram/m3,92
50,"Punjabi Bagh, Delhi - DPCC",,28.674045,77.131023,12234796,3/26/2026,74.1,74.14130435,16.0,121.0,67.0,microgram/m3,96
50,"Punjabi Bagh, Delhi - DPCC",,28.674045,77.131023,12234796,3/27/2026,54.3,54.28623188,5.0,103.0,52.66666667,microgram/m3,96
50,"Punjabi Bagh, Delhi - DPCC",,28.674045,77.131023,12234796,3/28/2026,101.0,100.7348485,18.0,214.5,87.25,microgram/m3,92
50,"Punjabi Bagh, Delhi - DPCC",,28.674045,77.131023,12234796,3/29/2026,85.8,85.8125,38.75,163.0,63.625,microgram/m3,100
50,"Punjabi Bagh, Delhi - DPCC",,28.674045,77.131023,12234796,3/30/2026,60.8,60.8442029,6.25,98.0,64.0,microgram/m3,96
50,"Punjabi Bagh, Delhi - DPCC",,28.674045,77.131023,12234796,3/31/2026,92.1,92.11458333,3.75,274.5,61.375,microgram/m3,100
50,"Punjabi Bagh, Delhi - DPCC",,28.674045,77.131023,12234796,4/1/2026,49.7,49.73913043,35.0,82.5,45.0,microgram/m3,96
50,"Punjabi Bagh, Delhi - DPCC",,28.674045,77.131023,12234796,4/2/2026,103.0,103.4791667,32.0,205.25,102.625,microgram/m3,100
50,"Punjabi Bagh, Delhi - DPCC",,28.674045,77.131023,12234796,4/3/2026,86.3,86.27777778,20.0,218.25,80.5,microgram/m3,100
50,"Punjabi Bagh, Delhi - DPCC",,28.674045,77.131023,12234796,4/4/2026,55.1,55.10416667,16.5,126.25,40.25,microgram/m3,100
50,"Punjabi Bagh, Delhi - DPCC",,28.674045,77.131023,12234796,4/5/2026,52.1,52.11458333,16.0,106.0,52.0,microgram/m3,100
50,"Punjabi Bagh, Delhi - DPCC",,28.674045,77.131023,12234796,4/6/2026,47.5,47.49637681,2.0,141.0,47.0,microgram/m3,96
50,"Punjabi Bagh, Delhi - DPCC",,28.674045,77.131023,12234796,4/7/2026,48.6,48.64285714,16.75,109.0,44.0,microgram/m3,88
50,"Punjabi Bagh, Delhi - DPCC",,28.674045,77.131023,12234796,4/8/2026,36.1,36.05681818,6.0,65.75,39.0,microgram/m3,92
50,"Punjabi Bagh, Delhi - DPCC",,28.674045,77.131023,12234796,4/9/2026,41.7,41.74583333,19.0,122.0,30.625,microgram/m3,83
50,"Punjabi Bagh, Delhi - DPCC",,28.674045,77.131023,12234796,4/10/2026,58.5,58.52083333,6.0,135.75,60.5,microgram/m3,100
50,"Punjabi Bagh, Delhi - DPCC",,28.674045,77.131023,12234796,4/11/2026,45.8,45.8442029,14.25,161.0,39.0,microgram/m3,96
50,"Punjabi Bagh, Delhi - DPCC",,28.674045,77.131023,12234796,4/12/2026,52.6,52.57638889,1.0,152.0,45.125,microgram/m3,100
50,"Punjabi Bagh, Delhi - DPCC",,28.674045,77.131023,12234796,4/13/2026,62.6,62.56521739,1.0,165.75,56.5,microgram/m3,96
50,"Punjabi Bagh, Delhi - DPCC",,28.674045,77.131023,12234796,4/14/2026,83.6,83.58730159,25.0,162.0,80.25,microgram/m3,88
50,"Punjabi Bagh, Delhi - DPCC",,28.674045,77.131023,12234796,4/15/2026,110.0,109.826087,22.0,307.5,88.25,microgram/m3,96
50,"Punjabi Bagh, Delhi - DPCC",,28.674045,77.131023,12234796,4/16/2026,155.0,154.875,74.0,247.0,158.75,microgram/m3,58
50,"Punjabi Bagh, Delhi - DPCC",,28.674045,77.131023,12234796,4/17/2026,102.0,101.6269841,6.75,175.3333333,108.75,microgram/m3,88
50,"Punjabi Bagh, Delhi - DPCC",,28.674045,77.131023,12234796,4/18/2026,89.1,89.13333333,18.0,207.25,63.25,microgram/m3,83
50,"Punjabi Bagh, Delhi - DPCC",,28.674045,77.131023,12234796,4/19/2026,147.0,147.2065217,21.66666667,319.25,120.5,microgram/m3,96
50,"Punjabi Bagh, Delhi - DPCC",,28.674045,77.131023,12234796,4/20/2026,63.9,63.93560606,20.25,143.0,59.25,microgram/m3,92
50,"Punjabi Bagh, Delhi - DPCC",,28.674045,77.131023,12234796,4/21/2026,68.0,67.95138889,24.0,176.25,61.875,microgram/m3,100
50,"Punjabi Bagh, Delhi - DPCC",,28.674045,77.131023,12234796,4/22/2026,91.6,91.62847222,30.0,178.0,85.0,microgram/m3,100
50,"Punjabi Bagh, Delhi - DPCC",,28.674045,77.131023,12234796,4/23/2026,71.7,71.65277778,33.0,157.25,45.20833333,microgram/m3,100
50,"Punjabi Bagh, Delhi - DPCC",,28.674045,77.131023,12234796,4/24/2026,165.0,165.076087,60.25,347.75,157.0,microgram/m3,96
50,"Punjabi Bagh, Delhi - DPCC",,28.674045,77.131023,12234796,4/25/2026,96.4,96.44318182,38.5,223.5,83.5,microgram/m3,92
50,"Punjabi Bagh, Delhi - DPCC",,28.674045,77.131023,12234796,4/26/2026,96.3,96.32608696,36.25,208.0,87.25,microgram/m3,96
50,"Punjabi Bagh, Delhi - DPCC",,28.674045,77.131023,12234796,4/27/2026,97.3,97.25347222,31.0,247.5,64.625,microgram/m3,100
50,"Punjabi Bagh, Delhi - DPCC",,28.674045,77.131023,12234796,4/28/2026,104.0,104.2256944,12.0,627.75,61.25,microgram/m3,100
50,"Punjabi Bagh, Delhi - DPCC",,28.674045,77.131023,12234796,4/29/2026,46.8,46.76086957,19.5,115.0,41.0,microgram/m3,96
50,"Punjabi Bagh, Delhi - DPCC",,28.674045,77.131023,12234796,4/30/2026,46.7,46.73611111,10.25,80.0,52.08333333,microgram/m3,100
50,"Punjabi Bagh, Delhi - DPCC",,28.674045,77.131023,12234796,5/1/2026,40.1,40.125,10.75,58.75,42.5,microgram/m3,100
50,"Punjabi Bagh, Delhi - DPCC",,28.674045,77.131023,12234796,5/2/2026,67.0,66.96296296,52.5,85.0,67.875,microgram/m3,75
50,"Punjabi Bagh, Delhi - DPCC",,28.674045,77.131023,12234796,5/3/2026,43.5,43.5,24.75,54.75,45.75,microgram/m3,54
50,"Punjabi Bagh, Delhi - DPCC",,28.674045,77.131023,12234796,5/4/2026,26.6,26.58333333,9.0,36.25,28.75,microgram/m3,38
50,"Punjabi Bagh, Delhi - DPCC",,28.674045,77.131023,12234796,5/5/2026,47.8,47.76515152,27.0,68.66666667,44.75,microgram/m3,46
50,"Punjabi Bagh, Delhi - DPCC",,28.674045,77.131023,12234796,5/6/2026,38.8,38.82142857,29.75,47.33333333,40.75,microgram/m3,29
50,"Punjabi Bagh, Delhi - DPCC",,28.674045,77.131023,12234796,5/7/2026,36.2,36.17156863,17.66666667,59.0,34.66666667,microgram/m3,71
50,"Punjabi Bagh, Delhi - DPCC",,28.674045,77.131023,12234796,5/8/2026,39.9,39.91319444,19.0,54.0,43.25,microgram/m3,100
50,"Punjabi Bagh, Delhi - DPCC",,28.674045,77.131023,12234796,5/9/2026,51.2,51.20138889,35.0,96.25,47.33333333,microgram/m3,100
50,"Punjabi Bagh, Delhi - DPCC",,28.674045,77.131023,12234796,5/10/2026,56.9,56.91319444,37.5,74.75,57.25,microgram/m3,100
50,"Punjabi Bagh, Delhi - DPCC",,28.674045,77.131023,12234796,5/11/2026,72.5,72.53030303,17.5,101.25,82.375,microgram/m3,92
50,"Punjabi Bagh, Delhi - DPCC",,28.674045,77.131023,12234796,5/12/2026,65.0,64.97619048,41.25,80.0,65.75,microgram/m3,88
50,"Punjabi Bagh, Delhi - DPCC",,28.674045,77.131023,12234796,5/13/2026,61.2,61.1884058,30.75,89.5,61.0,microgram/m3,96
50,"Punjabi Bagh, Delhi - DPCC",,28.674045,77.131023,12234796,5/14/2026,45.2,45.2173913,21.0,69.0,47.25,microgram/m3,96
50,"Punjabi Bagh, Delhi - DPCC",,28.674045,77.131023,12234796,5/15/2026,40.5,40.54861111,13.0,79.5,40.75,microgram/m3,100
50,"Punjabi Bagh, Delhi - DPCC",,28.674045,77.131023,12234796,5/16/2026,71.2,71.18478261,30.0,134.0,59.5,microgram/m3,96
50,"Punjabi Bagh, Delhi - DPCC",,28.674045,77.131023,12234796,5/17/2026,63.8,63.78125,25.0,111.0,53.0,microgram/m3,100
50,"Punjabi Bagh, Delhi - DPCC",,28.674045,77.131023,12234796,5/18/2026,60.5,60.48958333,22.75,142.0,51.375,microgram/m3,100
50,"Punjabi Bagh, Delhi - DPCC",,28.674045,77.131023,12234796,5/19/2026,63.6,63.55555556,8.25,125.5,58.25,microgram/m3,100
50,"Punjabi Bagh, Delhi - DPCC",,28.674045,77.131023,12234796,5/20/2026,54.3,54.26449275,21.25,97.0,50.75,microgram/m3,96
50,"Punjabi Bagh, Delhi - DPCC",,28.674045,77.131023,12234796,5/21/2026,48.0,48.04861111,18.25,95.25,43.125,microgram/m3,100
50,"Punjabi Bagh, Delhi - DPCC",,28.674045,77.131023,12234796,5/22/2026,49.1,49.14772727,18.5,72.75,53.0,microgram/m3,92
50,"Punjabi Bagh, Delhi - DPCC",,28.674045,77.131023,12234796,5/23/2026,65.9,65.89855072,30.75,136.25,52.5,microgram/m3,96
50,"Punjabi Bagh, Delhi - DPCC",,28.674045,77.131023,12234796,5/24/2026,69.2,69.21212121,24.75,131.5,63.125,microgram/m3,92
50,"Punjabi Bagh, Delhi - DPCC",,28.674045,77.131023,12234796,5/25/2026,78.4,78.40384615,51.0,113.0,75.0,microgram/m3,54
50,"Punjabi Bagh, Delhi - DPCC",,28.674045,77.131023,12234796,5/26/2026,38.6,38.55128205,17.25,64.0,31.75,microgram/m3,54
50,"Punjabi Bagh, Delhi - DPCC",,28.674045,77.131023,12234796,5/27/2026,82.3,82.2875,28.5,170.0,67.125,microgram/m3,83
50,"Punjabi Bagh, Delhi - DPCC",,28.674045,77.131023,12234796,5/28/2026,71.0,70.96014493,11.0,120.25,73.75,microgram/m3,96
50,"Punjabi Bagh, Delhi - DPCC",,28.674045,77.131023,12234796,5/29/2026,24.2,24.22826087,2.25,42.5,20.75,microgram/m3,96
50,"Punjabi Bagh, Delhi - DPCC",,28.674045,77.131023,12234796,5/30/2026,22.1,22.13541667,9.75,46.0,20.25,microgram/m3,100
50,"Punjabi Bagh, Delhi - DPCC",,28.674045,77.131023,12234796,5/31/2026,24.6,24.60869565,10.25,51.0,23.75,microgram/m3,96
50,"Punjabi Bagh, Delhi - DPCC",,28.674045,77.131023,12234796,6/1/2026,36.0,36.03472222,25.25,65.25,32.0,microgram/m3,100
50,"Punjabi Bagh, Delhi - DPCC",,28.674045,77.131023,12234796,6/2/2026,37.0,36.96875,19.0,48.0,36.375,microgram/m3,100
50,"Punjabi Bagh, Delhi - DPCC",,28.674045,77.131023,12234796,6/3/2026,59.0,58.98550725,47.0,75.75,57.5,microgram/m3,96
50,"Punjabi Bagh, Delhi - DPCC",,28.674045,77.131023,12234796,6/4/2026,51.0,51.02430556,15.75,105.0,48.70833333,microgram/m3,100
50,"Punjabi Bagh, Delhi - DPCC",,28.674045,77.131023,12234796,6/5/2026,47.3,47.32608696,13.0,134.0,40.5,microgram/m3,96
50,"Punjabi Bagh, Delhi - DPCC",,28.674045,77.131023,12234796,6/6/2026,58.3,58.33695652,27.25,109.5,46.75,microgram/m3,96
50,"Punjabi Bagh, Delhi - DPCC",,28.674045,77.131023,12234796,6/7/2026,33.1,33.0942029,17.5,53.0,31.75,microgram/m3,96
50,"Punjabi Bagh, Delhi - DPCC",,28.674045,77.131023,12234796,6/8/2026,36.0,36.01811594,10.0,78.75,31.0,microgram/m3,96
50,"Punjabi Bagh, Delhi - DPCC",,28.674045,77.131023,12234796,6/9/2026,37.6,37.55555556,3.25,64.75,40.25,microgram/m3,63
50,"Punjabi Bagh, Delhi - DPCC",,28.674045,77.131023,12234796,6/10/2026,40.1,40.1375,18.0,96.0,30.5,microgram/m3,83
50,"Punjabi Bagh, Delhi - DPCC",,28.674045,77.131023,12234796,6/11/2026,34.9,34.89130435,25.25,51.33333333,34.25,microgram/m3,96
50,"Punjabi Bagh, Delhi - DPCC",,28.674045,77.131023,12234796,6/12/2026,23.0,22.95486111,3.0,39.25,22.375,microgram/m3,100
50,"Punjabi Bagh, Delhi - DPCC",,28.674045,77.131023,12234796,6/13/2026,38.3,38.29166667,12.0,78.0,37.125,microgram/m3,100
50,"Punjabi Bagh, Delhi - DPCC",,28.674045,77.131023,12234796,6/14/2026,64.6,64.61458333,32.75,173.0,55.625,microgram/m3,100
50,"Punjabi Bagh, Delhi - DPCC",,28.674045,77.131023,12234796,6/15/2026,58.5,58.546875,26.0,78.75,60.25,microgram/m3,67
50,"Punjabi Bagh, Delhi - DPCC",,28.674045,77.131023,12234796,6/16/2026,42.8,42.76587302,17.75,110.5,38.0,microgram/m3,88
50,"Punjabi Bagh, Delhi - DPCC",,28.674045,77.131023,12234796,6/17/2026,43.6,43.57291667,20.0,73.75,39.75,microgram/m3,100
50,"Punjabi Bagh, Delhi - DPCC",,28.674045,77.131023,12234796,6/18/2026,80.9,80.93253968,22.0,166.0,64.0,microgram/m3,88
50,"Punjabi Bagh, Delhi - DPCC",,28.674045,77.131023,12234796,6/19/2026,44.4,44.40909091,25.0,72.0,44.5,microgram/m3,92
50,"Punjabi Bagh, Delhi - DPCC",,28.674045,77.131023,12234796,6/20/2026,74.1,74.08333333,35.0,132.0,67.75,microgram/m3,75
50,"Punjabi Bagh, Delhi - DPCC",,28.674045,77.131023,12234796,6/21/2026,58.9,58.85416667,24.0,199.0,48.0,microgram/m3,100
50,"Punjabi Bagh, Delhi - DPCC",,28.674045,77.131023,12234796,6/22/2026,42.1,42.09583333,5.0,109.5,40.625,microgram/m3,83
50,"Punjabi Bagh, Delhi - DPCC",,28.674045,77.131023,12234796,6/23/2026,86.6,86.56818182,29.0,119.25,91.25,microgram/m3,46
50,"Punjabi Bagh, Delhi - DPCC",,28.674045,77.131023,12234796,6/25/2026,48.7,48.66666667,28.0,68.0,50.0,microgram/m3,13
50,"Punjabi Bagh, Delhi - DPCC",,28.674045,77.131023,12234796,6/26/2026,31.6,31.625,9.0,51.0,29.5,microgram/m3,100
50,"Punjabi Bagh, Delhi - DPCC",,28.674045,77.131023,12234796,6/27/2026,54.9,54.91666667,28.0,96.0,49.0,microgram/m3,100
50,"Punjabi Bagh, Delhi - DPCC",,28.674045,77.131023,12234796,6/28/2026,50.4,50.41666667,19.0,100.0,45.5,microgram/m3,100
50,"Punjabi Bagh, Delhi - DPCC",,28.674045,77.131023,12234796,6/29/2026,47.8,47.75,16.0,102.0,43.0,microgram/m3,100
50,"Punjabi Bagh, Delhi - DPCC",,28.674045,77.131023,12234796,6/30/2026,55.7,55.66666667,9.0,122.0,50.5,microgram/m3,100
50,"Punjabi Bagh, Delhi - DPCC",,28.674045,77.131023,12234796,7/1/2026,43.9,43.91304348,18.0,85.0,45.0,microgram/m3,96
235,"Anand Vihar, New Delhi - DPCC",,28.646835,77.316032,12235610,1/1/2026,263.0,262.5590278,221.5,348.5,247.8333333,microgram/m3,100
235,"Anand Vihar, New Delhi - DPCC",,28.646835,77.316032,12235610,1/2/2026,114.0,114.1884058,74.5,216.75,103.0,microgram/m3,96
235,"Anand Vihar, New Delhi - DPCC",,28.646835,77.316032,12235610,1/3/2026,175.0,175.0362319,115.0,253.75,176.3333333,microgram/m3,96
235,"Anand Vihar, New Delhi - DPCC",,28.646835,77.316032,12235610,1/4/2026,172.0,172.2083333,109.0,240.75,171.5,microgram/m3,100
235,"Anand Vihar, New Delhi - DPCC",,28.646835,77.316032,12235610,1/5/2026,170.0,170.0833333,111.75,280.25,156.5,microgram/m3,100
235,"Anand Vihar, New Delhi - DPCC",,28.646835,77.316032,12235610,1/6/2026,195.0,194.5069444,161.5,232.0,196.5,microgram/m3,100
235,"Anand Vihar, New Delhi - DPCC",,28.646835,77.316032,12235610,1/7/2026,169.0,169.0347222,128.75,243.25,165.4166667,microgram/m3,100
235,"Anand Vihar, New Delhi - DPCC",,28.646835,77.316032,12235610,1/8/2026,233.0,233.2222222,105.5,541.5,194.375,microgram/m3,100
235,"Anand Vihar, New Delhi - DPCC",,28.646835,77.316032,12235610,1/9/2026,281.0,280.8541667,150.0,393.0,293.25,microgram/m3,100
235,"Anand Vihar, New Delhi - DPCC",,28.646835,77.316032,12235610,1/10/2026,216.0,216.3055556,90.5,328.0,231.875,microgram/m3,75
235,"Anand Vihar, New Delhi - DPCC",,28.646835,77.316032,12235610,1/20/2026,329.0,328.9375,278.5,370.0,333.625,microgram/m3,17
235,"Anand Vihar, New Delhi - DPCC",,28.646835,77.316032,12235610,1/21/2026,214.0,214.1076389,96.5,312.0,239.25,microgram/m3,100
235,"Anand Vihar, New Delhi - DPCC",,28.646835,77.316032,12235610,1/22/2026,211.0,210.7416667,115.3333333,312.25,186.875,microgram/m3,83
235,"Anand Vihar, New Delhi - DPCC",,28.646835,77.316032,12235610,1/23/2026,148.0,148.3194444,96.0,189.0,148.9166667,microgram/m3,100
235,"Anand Vihar, New Delhi - DPCC",,28.646835,77.316032,12235610,1/24/2026,87.9,87.90972222,41.33333333,245.0,65.375,microgram/m3,100
235,"Anand Vihar, New Delhi - DPCC",,28.646835,77.316032,12235610,1/25/2026,104.0,104.1319444,52.25,239.0,88.125,microgram/m3,100
235,"Anand Vihar, New Delhi - DPCC",,28.646835,77.316032,12235610,1/26/2026,169.0,169.3611111,87.5,320.75,135.25,microgram/m3,100
235,"Anand Vihar, New Delhi - DPCC",,28.646835,77.316032,12235610,1/27/2026,227.0,227.1785714,89.75,416.25,196.0,microgram/m3,88
235,"Anand Vihar, New Delhi - DPCC",,28.646835,77.316032,12235610,1/28/2026,159.0,158.7951389,79.5,238.0,166.875,microgram/m3,100
235,"Anand Vihar, New Delhi - DPCC",,28.646835,77.316032,12235610,1/29/2026,124.0,124.28125,80.0,168.0,121.5,microgram/m3,100
235,"Anand Vihar, New Delhi - DPCC",,28.646835,77.316032,12235610,1/30/2026,177.0,177.0037879,49.33333333,437.0,159.125,microgram/m3,92
235,"Anand Vihar, New Delhi - DPCC",,28.646835,77.316032,12235610,1/31/2026,233.0,232.9782609,160.75,344.5,238.0,microgram/m3,96
235,"Anand Vihar, New Delhi - DPCC",,28.646835,77.316032,12235610,2/1/2026,124.0,124.3125,66.75,183.75,125.0,microgram/m3,100
235,"Anand Vihar, New Delhi - DPCC",,28.646835,77.316032,12235610,2/2/2026,158.0,157.5724638,80.75,239.0,155.75,microgram/m3,96
235,"Anand Vihar, New Delhi - DPCC",,28.646835,77.316032,12235610,2/3/2026,178.0,177.6055556,122.25,239.0,173.75,microgram/m3,63
235,"Anand Vihar, New Delhi - DPCC",,28.646835,77.316032,12235610,2/4/2026,189.0,188.9880952,46.0,350.6666667,183.0,microgram/m3,58
235,"Anand Vihar, New Delhi - DPCC",,28.646835,77.316032,12235610,2/5/2026,123.0,122.9311594,43.75,197.25,141.25,microgram/m3,96
235,"Anand Vihar, New Delhi - DPCC",,28.646835,77.316032,12235610,2/6/2026,118.0,117.8159722,71.0,160.0,121.5,microgram/m3,100
235,"Anand Vihar, New Delhi - DPCC",,28.646835,77.316032,12235610,2/7/2026,116.0,115.7013889,34.75,169.0,123.125,microgram/m3,100
235,"Anand Vihar, New Delhi - DPCC",,28.646835,77.316032,12235610,2/8/2026,148.0,148.25,72.0,190.0,165.5,microgram/m3,17
235,"Anand Vihar, New Delhi - DPCC",,28.646835,77.316032,12235610,2/9/2026,167.0,167.4963768,40.75,274.0,175.0,microgram/m3,96
235,"Anand Vihar, New Delhi - DPCC",,28.646835,77.316032,12235610,2/10/2026,193.0,192.8043478,75.5,316.75,200.0,microgram/m3,96
235,"Anand Vihar, New Delhi - DPCC",,28.646835,77.316032,12235610,2/11/2026,115.0,114.952381,36.5,317.5,96.75,microgram/m3,58
235,"Anand Vihar, New Delhi - DPCC",,28.646835,77.316032,12235610,2/12/2026,87.0,86.96376812,2.0,153.0,82.5,microgram/m3,96
235,"Anand Vihar, New Delhi - DPCC",,28.646835,77.316032,12235610,2/13/2026,109.0,108.9027778,34.0,168.0,107.625,microgram/m3,100
235,"Anand Vihar, New Delhi - DPCC",,28.646835,77.316032,12235610,2/14/2026,137.0,136.7638889,10.66666667,209.0,156.625,microgram/m3,100
235,"Anand Vihar, New Delhi - DPCC",,28.646835,77.316032,12235610,2/15/2026,110.0,110.0555556,32.0,165.5,119.0,microgram/m3,100
235,"Anand Vihar, New Delhi - DPCC",,28.646835,77.316032,12235610,2/16/2026,195.0,195.3333333,144.3333333,232.25,196.5,microgram/m3,42
235,"Anand Vihar, New Delhi - DPCC",,28.646835,77.316032,12235610,2/17/2026,74.4,74.35,37.25,152.0,56.75,microgram/m3,42
235,"Anand Vihar, New Delhi - DPCC",,28.646835,77.316032,12235610,2/18/2026,94.9,94.91666667,2.25,212.0,96.25,microgram/m3,63
235,"Anand Vihar, New Delhi - DPCC",,28.646835,77.316032,12235610,2/19/2026,102.0,101.675,60.0,198.0,99.375,microgram/m3,42
235,"Anand Vihar, New Delhi - DPCC",,28.646835,77.316032,12235610,2/20/2026,108.0,107.7083333,10.25,180.0,120.0,microgram/m3,100
235,"Anand Vihar, New Delhi - DPCC",,28.646835,77.316032,12235610,2/21/2026,133.0,133.1770833,31.25,223.75,130.375,microgram/m3,100
235,"Anand Vihar, New Delhi - DPCC",,28.646835,77.316032,12235610,2/22/2026,120.0,119.9528986,30.5,257.0,105.5,microgram/m3,96
235,"Anand Vihar, New Delhi - DPCC",,28.646835,77.316032,12235610,2/23/2026,123.0,123.1208333,34.0,222.75,127.3333333,microgram/m3,83
235,"Anand Vihar, New Delhi - DPCC",,28.646835,77.316032,12235610,2/24/2026,165.0,165.076087,57.0,290.75,135.0,microgram/m3,96
235,"Anand Vihar, New Delhi - DPCC",,28.646835,77.316032,12235610,2/25/2026,129.0,128.9513889,17.33333333,197.0,151.0,microgram/m3,100
235,"Anand Vihar, New Delhi - DPCC",,28.646835,77.316032,12235610,2/26/2026,107.0,106.6041667,23.0,190.25,116.5416667,microgram/m3,100
235,"Anand Vihar, New Delhi - DPCC",,28.646835,77.316032,12235610,2/27/2026,103.0,102.6354167,22.75,189.0,97.25,microgram/m3,100
235,"Anand Vihar, New Delhi - DPCC",,28.646835,77.316032,12235610,2/28/2026,130.0,129.9201389,41.75,226.25,138.25,microgram/m3,100
235,"Anand Vihar, New Delhi - DPCC",,28.646835,77.316032,12235610,3/1/2026,86.0,85.98550725,29.25,150.75,82.75,microgram/m3,96
235,"Anand Vihar, New Delhi - DPCC",,28.646835,77.316032,12235610,3/2/2026,106.0,106.0833333,29.75,239.25,101.6666667,microgram/m3,83
235,"Anand Vihar, New Delhi - DPCC",,28.646835,77.316032,12235610,3/3/2026,88.5,88.48263889,16.66666667,166.75,81.625,microgram/m3,100
235,"Anand Vihar, New Delhi - DPCC",,28.646835,77.316032,12235610,3/4/2026,76.2,76.19097222,43.66666667,117.3333333,67.75,microgram/m3,100
235,"Anand Vihar, New Delhi - DPCC",,28.646835,77.316032,12235610,3/5/2026,69.8,69.83333333,51.0,97.0,68.5,microgram/m3,96
235,"Anand Vihar, New Delhi - DPCC",,28.646835,77.316032,12235610,3/6/2026,104.0,104.1979167,50.33333333,185.5,101.0,microgram/m3,100
235,"Anand Vihar, New Delhi - DPCC",,28.646835,77.316032,12235610,3/7/2026,169.0,169.3284314,50.0,215.0,189.0,microgram/m3,71
235,"Anand Vihar, New Delhi - DPCC",,28.646835,77.316032,12235610,3/8/2026,150.0,150.0034722,44.0,276.0,131.25,microgram/m3,100
235,"Anand Vihar, New Delhi - DPCC",,28.646835,77.316032,12235610,3/9/2026,113.0,112.8518519,77.0,153.0,115.3333333,microgram/m3,75
235,"Anand Vihar, New Delhi - DPCC",,28.646835,77.316032,12235610,3/10/2026,142.0,142.4924242,54.0,262.0,118.5,microgram/m3,46
235,"Anand Vihar, New Delhi - DPCC",,28.646835,77.316032,12235610,3/11/2026,108.0,107.5138889,47.75,203.3333333,94.875,microgram/m3,75
235,"Anand Vihar, New Delhi - DPCC",,28.646835,77.316032,12235610,3/12/2026,90.0,90.03409091,16.0,146.0,96.5,microgram/m3,92
235,"Anand Vihar, New Delhi - DPCC",,28.646835,77.316032,12235610,3/13/2026,56.5,56.49561404,8.75,111.0,52.66666667,microgram/m3,79
235,"Anand Vihar, New Delhi - DPCC",,28.646835,77.316032,12235610,3/14/2026,90.1,90.07291667,38.0,267.0,72.75,microgram/m3,100
235,"Anand Vihar, New Delhi - DPCC",,28.646835,77.316032,12235610,3/15/2026,184.0,183.7604167,139.0,244.3333333,168.875,microgram/m3,33
235,"Anand Vihar, New Delhi - DPCC",,28.646835,77.316032,12235610,3/16/2026,42.0,41.97222222,19.0,92.0,38.25,microgram/m3,50
235,"Anand Vihar, New Delhi - DPCC",,28.646835,77.316032,12235610,3/17/2026,85.0,85.01388889,30.0,146.0,89.5,microgram/m3,50
235,"Anand Vihar, New Delhi - DPCC",,28.646835,77.316032,12235610,3/18/2026,122.0,122.265625,29.0,282.0,89.375,microgram/m3,67
235,"Anand Vihar, New Delhi - DPCC",,28.646835,77.316032,12235610,3/19/2026,70.2,70.23958333,15.5,130.25,73.5,microgram/m3,100
235,"Anand Vihar, New Delhi - DPCC",,28.646835,77.316032,12235610,3/20/2026,66.7,66.69444444,16.0,115.25,65.25,microgram/m3,100
235,"Anand Vihar, New Delhi - DPCC",,28.646835,77.316032,12235610,3/21/2026,75.9,75.875,25.0,200.5,63.0,microgram/m3,100
235,"Anand Vihar, New Delhi - DPCC",,28.646835,77.316032,12235610,3/22/2026,71.1,71.12847222,30.25,116.75,66.125,microgram/m3,100
235,"Anand Vihar, New Delhi - DPCC",,28.646835,77.316032,12235610,3/23/2026,100.0,100.3731884,16.0,238.0,63.0,microgram/m3,96
235,"Anand Vihar, New Delhi - DPCC",,28.646835,77.316032,12235610,3/24/2026,86.8,86.78623188,29.0,147.0,91.0,microgram/m3,96
235,"Anand Vihar, New Delhi - DPCC",,28.646835,77.316032,12235610,3/25/2026,101.0,100.7666667,23.0,213.0,101.375,microgram/m3,83
235,"Anand Vihar, New Delhi - DPCC",,28.646835,77.316032,12235610,3/26/2026,70.7,70.65972222,25.0,97.0,84.0,microgram/m3,50
235,"Anand Vihar, New Delhi - DPCC",,28.646835,77.316032,12235610,3/27/2026,57.0,56.98263889,19.0,111.5,56.625,microgram/m3,100
235,"Anand Vihar, New Delhi - DPCC",,28.646835,77.316032,12235610,3/28/2026,92.1,92.08333333,20.75,185.3333333,84.0,microgram/m3,100
235,"Anand Vihar, New Delhi - DPCC",,28.646835,77.316032,12235610,3/29/2026,92.4,92.44444444,40.0,181.75,89.66666667,microgram/m3,100
235,"Anand Vihar, New Delhi - DPCC",,28.646835,77.316032,12235610,3/30/2026,88.5,88.50757576,30.0,147.25,91.75,microgram/m3,92
235,"Anand Vihar, New Delhi - DPCC",,28.646835,77.316032,12235610,3/31/2026,75.0,74.98913043,25.0,167.0,63.66666667,microgram/m3,96
235,"Anand Vihar, New Delhi - DPCC",,28.646835,77.316032,12235610,4/1/2026,74.8,74.83695652,28.5,166.0,66.75,microgram/m3,96
235,"Anand Vihar, New Delhi - DPCC",,28.646835,77.316032,12235610,4/2/2026,117.0,117.0208333,42.0,220.5,118.0,microgram/m3,100
235,"Anand Vihar, New Delhi - DPCC",,28.646835,77.316032,12235610,4/3/2026,106.0,105.9375,10.25,221.0,77.0,microgram/m3,100
235,"Anand Vihar, New Delhi - DPCC",,28.646835,77.316032,12235610,4/4/2026,59.6,59.56372549,10.25,112.75,58.25,microgram/m3,71
235,"Anand Vihar, New Delhi - DPCC",,28.646835,77.316032,12235610,4/5/2026,60.1,60.13888889,24.75,119.0,54.75,microgram/m3,100
235,"Anand Vihar, New Delhi - DPCC",,28.646835,77.316032,12235610,4/6/2026,89.8,89.8115942,18.0,263.25,69.75,microgram/m3,96
235,"Anand Vihar, New Delhi - DPCC",,28.646835,77.316032,12235610,4/7/2026,61.8,61.76754386,1.0,111.0,62.75,microgram/m3,79
235,"Anand Vihar, New Delhi - DPCC",,28.646835,77.316032,12235610,4/8/2026,39.5,39.51041667,15.0,79.0,37.875,microgram/m3,100
235,"Anand Vihar, New Delhi - DPCC",,28.646835,77.316032,12235610,4/9/2026,62.4,62.36111111,19.25,156.75,49.0,microgram/m3,88
235,"Anand Vihar, New Delhi - DPCC",,28.646835,77.316032,12235610,4/10/2026,49.6,49.55555556,6.0,125.25,37.375,microgram/m3,100
235,"Anand Vihar, New Delhi - DPCC",,28.646835,77.316032,12235610,4/11/2026,49.6,49.61594203,20.25,105.0,42.66666667,microgram/m3,96
235,"Anand Vihar, New Delhi - DPCC",,28.646835,77.316032,12235610,4/12/2026,69.2,69.22222222,18.0,191.0,60.125,microgram/m3,100
235,"Anand Vihar, New Delhi - DPCC",,28.646835,77.316032,12235610,4/13/2026,56.0,56.03985507,12.5,133.0,53.5,microgram/m3,96
235,"Anand Vihar, New Delhi - DPCC",,28.646835,77.316032,12235610,4/14/2026,89.0,89.00416667,14.0,193.0,80.54166667,microgram/m3,83
235,"Anand Vihar, New Delhi - DPCC",,28.646835,77.316032,12235610,4/15/2026,108.0,107.8680556,13.0,223.0,126.125,microgram/m3,100
235,"Anand Vihar, New Delhi - DPCC",,28.646835,77.316032,12235610,4/16/2026,161.0,161.4940476,53.0,230.0,170.75,microgram/m3,58
235,"Anand Vihar, New Delhi - DPCC",,28.646835,77.316032,12235610,4/17/2026,155.0,154.5515873,13.0,281.75,158.0,microgram/m3,88
235,"Anand Vihar, New Delhi - DPCC",,28.646835,77.316032,12235610,4/18/2026,110.0,109.85,42.0,226.0,99.625,microgram/m3,83
235,"Anand Vihar, New Delhi - DPCC",,28.646835,77.316032,12235610,4/19/2026,152.0,152.0072464,2.0,321.0,159.5,microgram/m3,96
235,"Anand Vihar, New Delhi - DPCC",,28.646835,77.316032,12235610,4/20/2026,67.7,67.74621212,19.0,116.25,67.75,microgram/m3,92
235,"Anand Vihar, New Delhi - DPCC",,28.646835,77.316032,12235610,4/21/2026,78.2,78.21376812,47.0,168.25,71.5,microgram/m3,96
235,"Anand Vihar, New Delhi - DPCC",,28.646835,77.316032,12235610,4/22/2026,107.0,107.1304348,5.0,210.75,105.5,microgram/m3,96
235,"Anand Vihar, New Delhi - DPCC",,28.646835,77.316032,12235610,4/23/2026,86.6,86.62847222,47.0,134.0,84.25,microgram/m3,100
235,"Anand Vihar, New Delhi - DPCC",,28.646835,77.316032,12235610,4/24/2026,144.0,143.7028986,30.25,285.5,120.3333333,microgram/m3,96
235,"Anand Vihar, New Delhi - DPCC",,28.646835,77.316032,12235610,4/25/2026,116.0,116.4710145,20.66666667,238.5,114.0,microgram/m3,96
235,"Anand Vihar, New Delhi - DPCC",,28.646835,77.316032,12235610,4/26/2026,91.0,90.95289855,25.5,206.75,77.25,microgram/m3,96
235,"Anand Vihar, New Delhi - DPCC",,28.646835,77.316032,12235610,4/27/2026,89.8,89.84027778,12.5,196.25,80.0,microgram/m3,100
235,"Anand Vihar, New Delhi - DPCC",,28.646835,77.316032,12235610,4/28/2026,74.1,74.13194444,19.75,129.25,75.375,microgram/m3,100
235,"Anand Vihar, New Delhi - DPCC",,28.646835,77.316032,12235610,4/29/2026,58.5,58.5326087,7.0,129.5,44.0,microgram/m3,96
235,"Anand Vihar, New Delhi - DPCC",,28.646835,77.316032,12235610,4/30/2026,101.0,101.2310606,29.25,201.5,106.875,microgram/m3,92
235,"Anand Vihar, New Delhi - DPCC",,28.646835,77.316032,12235610,5/1/2026,52.0,52.03623188,14.0,114.0,49.25,microgram/m3,96
235,"Anand Vihar, New Delhi - DPCC",,28.646835,77.316032,12235610,5/2/2026,86.3,86.25462963,46.0,156.0,77.41666667,microgram/m3,75
235,"Anand Vihar, New Delhi - DPCC",,28.646835,77.316032,12235610,5/3/2026,51.9,51.89285714,33.0,80.5,44.0,microgram/m3,29
235,"Anand Vihar, New Delhi - DPCC",,28.646835,77.316032,12235610,5/4/2026,39.2,39.17307692,12.0,94.0,34.25,microgram/m3,54
235,"Anand Vihar, New Delhi - DPCC",,28.646835,77.316032,12235610,5/5/2026,73.9,73.92857143,20.0,137.75,77.5,microgram/m3,58
235,"Anand Vihar, New Delhi - DPCC",,28.646835,77.316032,12235610,5/6/2026,57.1,57.11111111,3.0,110.0,54.0,microgram/m3,38
235,"Anand Vihar, New Delhi - DPCC",,28.646835,77.316032,12235610,5/7/2026,40.2,40.20588235,25.0,64.5,36.66666667,microgram/m3,71
235,"Anand Vihar, New Delhi - DPCC",,28.646835,77.316032,12235610,5/8/2026,51.7,51.71527778,19.0,95.0,56.5,microgram/m3,100
235,"Anand Vihar, New Delhi - DPCC",,28.646835,77.316032,12235610,5/9/2026,59.6,59.59027778,29.0,111.5,56.0,microgram/m3,100
235,"Anand Vihar, New Delhi - DPCC",,28.646835,77.316032,12235610,5/10/2026,56.6,56.56944444,34.5,74.5,58.5,microgram/m3,100
235,"Anand Vihar, New Delhi - DPCC",,28.646835,77.316032,12235610,5/11/2026,70.3,70.29166667,45.33333333,134.0,63.08333333,microgram/m3,100
235,"Anand Vihar, New Delhi - DPCC",,28.646835,77.316032,12235610,5/12/2026,72.2,72.16666667,54.5,96.0,72.5,microgram/m3,88
235,"Anand Vihar, New Delhi - DPCC",,28.646835,77.316032,12235610,5/13/2026,72.7,72.65942029,43.5,107.0,73.0,microgram/m3,96
235,"Anand Vihar, New Delhi - DPCC",,28.646835,77.316032,12235610,5/14/2026,56.7,56.69298246,33.0,81.5,56.0,microgram/m3,79
235,"Anand Vihar, New Delhi - DPCC",,28.646835,77.316032,12235610,5/15/2026,67.1,67.13541667,47.5,121.3333333,54.25,microgram/m3,67
235,"Anand Vihar, New Delhi - DPCC",,28.646835,77.316032,12235610,5/16/2026,72.5,72.47826087,28.5,98.0,80.5,microgram/m3,96
235,"Anand Vihar, New Delhi - DPCC",,28.646835,77.316032,12235610,5/17/2026,74.7,74.71527778,49.5,111.0,74.25,microgram/m3,100
235,"Anand Vihar, New Delhi - DPCC",,28.646835,77.316032,12235610,5/18/2026,64.3,64.32638889,48.0,107.5,58.75,microgram/m3,100
235,"Anand Vihar, New Delhi - DPCC",,28.646835,77.316032,12235610,5/19/2026,73.6,73.59722222,41.0,123.5,72.25,microgram/m3,100
235,"Anand Vihar, New Delhi - DPCC",,28.646835,77.316032,12235610,5/20/2026,64.4,64.38888889,44.5,103.5,60.75,microgram/m3,100
235,"Anand Vihar, New Delhi - DPCC",,28.646835,77.316032,12235610,5/21/2026,67.3,67.27083333,32.66666667,117.5,59.25,microgram/m3,100
235,"Anand Vihar, New Delhi - DPCC",,28.646835,77.316032,12235610,5/22/2026,73.8,73.75362319,45.0,106.5,76.5,microgram/m3,96
235,"Anand Vihar, New Delhi - DPCC",,28.646835,77.316032,12235610,5/23/2026,90.1,90.07971014,60.0,151.0,78.5,microgram/m3,96
235,"Anand Vihar, New Delhi - DPCC",,28.646835,77.316032,12235610,5/24/2026,97.3,97.3115942,47.0,154.5,104.5,microgram/m3,96
235,"Anand Vihar, New Delhi - DPCC",,28.646835,77.316032,12235610,5/25/2026,104.0,104.3055556,66.0,172.0,92.75,microgram/m3,100
235,"Anand Vihar, New Delhi - DPCC",,28.646835,77.316032,12235610,5/26/2026,100.0,99.95138889,49.0,158.0,100.0,microgram/m3,100
235,"Anand Vihar, New Delhi - DPCC",,28.646835,77.316032,12235610,5/27/2026,112.0,111.825,46.0,199.0,110.5,microgram/m3,83
235,"Anand Vihar, New Delhi - DPCC",,28.646835,77.316032,12235610,5/28/2026,81.1,81.05797101,18.0,184.0,76.0,microgram/m3,96
235,"Anand Vihar, New Delhi - DPCC",,28.646835,77.316032,12235610,5/29/2026,36.1,36.13043478,12.5,59.0,39.0,microgram/m3,96
235,"Anand Vihar, New Delhi - DPCC",,28.646835,77.316032,12235610,5/30/2026,28.8,28.82051282,20.0,37.5,29.0,microgram/m3,54
235,"Anand Vihar, New Delhi - DPCC",,28.646835,77.316032,12235610,5/31/2026,33.4,33.41666667,23.66666667,47.0,31.75,microgram/m3,42
235,"Anand Vihar, New Delhi - DPCC",,28.646835,77.316032,12235610,6/1/2026,45.8,45.77272727,19.0,69.66666667,47.08333333,microgram/m3,92
235,"Anand Vihar, New Delhi - DPCC",,28.646835,77.316032,12235610,6/2/2026,47.9,47.85714286,11.5,75.0,52.75,microgram/m3,58
235,"Anand Vihar, New Delhi - DPCC",,28.646835,77.316032,12235610,6/3/2026,66.3,66.33333333,23.0,113.0,68.0,microgram/m3,96
235,"Anand Vihar, New Delhi - DPCC",,28.646835,77.316032,12235610,6/4/2026,72.7,72.68055556,22.0,139.5,75.25,microgram/m3,100
235,"Anand Vihar, New Delhi - DPCC",,28.646835,77.316032,12235610,6/5/2026,62.2,62.19565217,14.0,106.0,69.0,microgram/m3,96
235,"Anand Vihar, New Delhi - DPCC",,28.646835,77.316032,12235610,6/6/2026,79.4,79.35507246,26.5,151.0,76.5,microgram/m3,96
235,"Anand Vihar, New Delhi - DPCC",,28.646835,77.316032,12235610,6/7/2026,49.5,49.53623188,11.0,78.0,51.0,microgram/m3,96
235,"Anand Vihar, New Delhi - DPCC",,28.646835,77.316032,12235610,6/8/2026,73.7,73.67391304,40.5,144.6666667,61.5,microgram/m3,96
235,"Anand Vihar, New Delhi - DPCC",,28.646835,77.316032,12235610,6/9/2026,61.1,61.13768116,28.5,104.0,55.33333333,microgram/m3,96
235,"Anand Vihar, New Delhi - DPCC",,28.646835,77.316032,12235610,6/10/2026,53.0,53.02380952,11.0,97.5,55.16666667,microgram/m3,58
235,"Anand Vihar, New Delhi - DPCC",,28.646835,77.316032,12235610,6/11/2026,38.4,38.4057971,26.0,57.0,37.5,microgram/m3,96
235,"Anand Vihar, New Delhi - DPCC",,28.646835,77.316032,12235610,6/12/2026,41.9,41.92156863,20.0,72.33333333,41.0,microgram/m3,71
235,"Anand Vihar, New Delhi - DPCC",,28.646835,77.316032,12235610,6/13/2026,58.5,58.46825397,14.0,102.5,65.5,microgram/m3,88
235,"Anand Vihar, New Delhi - DPCC",,28.646835,77.316032,12235610,6/14/2026,87.2,87.15972222,28.0,179.5,86.25,microgram/m3,100
